smiles,formula,precusor_mz,level,mz,
O=C(O)C(F)(F)C(F)(F)C(F)(F)C(F)(F)C(F)(F)C(F)(F)C(F)(F)C(F)(F)C(=O)O,C10H2F16O4,488.9624801,1,39.005181472 68.99575966 118.9925661 168.98937254 230.98617898 330.97979186 380.9765983,380.9765983 118.9925661 168.98937254 230.98617898 39.005181472 330.97979186 68.99575966
O=C(O)C(F)(F)C(F)(F)C(F)(F)C(F)(F)C(F)(F)C(F)(F)C(F)(F)C(F)(F)C(F)(F)C(F)(F)C(=O)O,C12H2F20O4,588.9560929,1,39.005181472 118.9925661 168.98937254 218.98617898 280.98298542 330.97979186 480.97021118,480.97021118 168.98937254 118.9925661 330.97979186 280.98298542 218.98617898 39.005181472
O=C(O)C(F)(F)C(F)(F)C(F)(F)C(F)(F)C(F)(F)C(F)(F)C(F)(F)C(F)(F)C(=O)O,C10H2F16O4,488.9624801,1,118.9925661 168.98937254 611.96222728 488.962485032,488.962485032 118.9925661 168.98937254 611.96222728
O=C(O)C(F)(F)C(F)(F)C(F)(F)C(F)(F)C(F)(F)C(F)(F)C(F)(F)C(F)(F)C(F)(F)C(F)(F)C(F)(F)C(=O)O,C13H2F22O4,638.9528994,2b,118.9925661 168.98937254 218.98617898 280.98298542 330.97979186 380.9765983 530.96701762 638.952904352,638.952904352 530.96701762 168.98937254 280.98298542 118.9925661 330.97979186 218.98617898 380.9765983 
O=C(O)C(F)C(F)(F)C(F)(F)C(F)(F)C(F)(F)C(F)(F)C(F)(F)C(F)(F)C(F)(F)C(F)(F)C(F)(F)C(=O)O,C13H3F21O4,620.9623212,3,242.98617898 292.98298542 342.97979186 492.97021118,292.98298542 242.98617898 342.97979186 492.97021118
O=C(O)C(F)C(F)(F)C(F)(F)C(F)(F)C(F)(F)C(F)(F)C(F)(F)C(F)(F)C(F)(F)F,C10H2F18O2,494.9694573,3,118.9925661 168.98937254 430.97340474,430.97340474 118.9925661 168.98937254
O=C(O)C(F)C(F)(F)C(F)(F)C(F)(F)C(F)(F)C(F)(F)C(F)(F)C(F)(F)C(F)(F)F,C10H2F18O2,494.9694573,3,118.9925661 168.98937254 218.98617898 230.98617898 280.98298542 430.97340474,430.97340474 118.9925661 168.98937254 280.98298542 230.98617898 218.98617898
O=C(O)C(F)(F)CC(F)(F)CC(F)(F)CC(F)(F)CC(F)(F)CC(F)F,C12H12F12O2,415.0572883,2b,191.011409724 211.017637976 231.023866228 251.03009448 271.036322732 291.04255098399994 311.048779236 331.055007488,251.03009448 231.023866228 211.017637976 271.036322732 291.04255098399994 191.011409724 331.055007488 311.048779236
O=C(O)C(F)(F)CC(F)(F)CC(F)F,C6H6F6O2,223.0199188,2a,78.99895322 99.005181472 119.011409724 139.017637976 159.023866228 142.995010712 163.001238964 183.007467216 203.013695468 223.01992372,99.005181472 119.011409724 78.99895322 139.017637976 159.023866228 163.001238964 203.013695468 142.995010712 223.01992372 183.007467216
O=C(O)C(F)(F)CC(F)(F)CC(F)F,C6H6F6O2,223.0199188,2b,78.99895322 99.005181472 119.011409724 139.017637976 159.023866228 163.001238964 183.007467216 203.013695468 223.01992372,99.005181472 119.011409724 78.99895322 203.013695468 223.01992372 139.017637976 159.023866228 163.001238964 183.007467216
O=C(O)C(F)(OC(F)(F)F)C(F)(F)F,C4HF7O3,228.9741114,3,184.98428716 228.97411639999999,184.98428716 228.97411639999999
O=C(O)C(F)(OC(F)(F)C(F)(F)F)C(F)(F)F,C5HF9O3,278.9709179,2b,234.9810936 278.97092283999996,234.9810936 278.97092283999996
O=C(O)C(F)(OC(F)(F)C(F)(F)C(F)(F)F)C(F)(F)F,C6HF11O3,328.9677243,1,168.98937254 284.97790003999995 328.96772927999996,168.98937254 284.97790003999995 328.96772927999996
O=C(O)C(F)(F)C(F)(F)C(F)(F)C(F)(F)C(F)(F)C(F)(F)C(F)(F)C(F)(F)C(F)(F)C(F)(F)C(F)(F)C(F)(F)C(F)(F)OC(F)(F)F,C15HF29O3,778.9389823,2b,84.99067428000001 134.98748072 184.98428716 234.9810936 534.96193224 584.95873868 734.949158 778.93898724,778.93898724 84.99067428000001 134.98748072 734.949158 184.98428716 234.9810936 534.96193224 584.95873868 
O=C(O)C(F)(F)OC(F)(F)F,C3HF5O3,178.977305,3,84.99067428000001 134.98748072 150.98239534,84.99067428000001 134.98748072 150.98239534
O=C(O)COCC(F)(F)C(F)(F)C(F)(F)C(F)(F)C(F)(F)C(F)(F)C(F)(F)F,C10H5F15O3,456.9926373,3,92.99575966 134.98748072 180.98937254 242.98617898 292.98298542 342.97979186 358.97470647999995 378.980934732,378.980934732 242.98617898 292.98298542 180.98937254 92.99575966 134.98748072 358.97470647999995 342.97979186
O=C(O)C(F)(F)C(F)(F)C(F)(F)C(F)(F)C(F)(F)C(F)=C(F)C(F)(F)C(F)(F)C(F)(F)F,C11HF19O2,524.9600355,2b,118.9925661 168.98937254 230.98617898 280.98298542 330.97979186 480.97021118,480.97021118 118.9925661 168.98937254 330.97979186 230.98617898 280.98298542
O=C(O)C(F)(F)C(F)(F)C(F)(F)C(F)(F)C(F)(F)C(F)=C(F)C(F)(F)C(F)(F)C(F)(F)C(F)(F)F,C12HF21O2,574.9568419,2b,118.9925661 168.98937254 218.98617898 280.98298542 330.97979186 380.9765983 530.96701762,530.96701762 168.98937254 118.9925661 218.98617898 330.97979186 380.9765983 280.98298542
O=C(O)C(F)(F)C(F)=C(F)C(F)=C(F)F,C6HF7O2,236.9791968,3,80.99575966 92.99575966 104.99575966 108.99067428000001 142.9925661 146.98748072 170.98748072 192.98937254,108.99067428000001 142.9925661 92.99575966 104.99575966 170.98748072 146.98748072 80.99575966 192.98937254
O=C(O)C(F)(F)OC(F)(F)C(F)(F)C(F)(F)C(F)=C(F)C(F)(F)F,C8HF13O3,390.9645308,3,68.99575966 84.99067428000001 118.9925661 130.9925661 134.98748072 146.98748072 180.98937254 196.98428716 230.98617898 280.98298542,134.98748072 230.98617898 130.9925661 84.99067428000001 146.98748072 68.99575966 280.98298542 180.98937254 118.9925661 196.98428716
O=C(O)C(F)(F)OC(F)(F)C(F)(F)C(F)(F)C(F)=C(F)C(F)(F)F,C8HF13O3,390.9645308,3,130.9925661 134.98748072 196.98428716 230.98617898 280.98298542 346.97470647999995,230.98617898 280.98298542 346.97470647999995 130.9925661 134.98748072 196.98428716
O=C(O)COC(F)(F)C(F)(F)C(F)(F)C(F)(F)C(F)=CC(F)(F)F,C9H4F12O3,386.9896026,3,192.98937254 242.98617898 292.98298542 342.97979186 392.9765983 408.97151291999995 442.9933912359999,292.98298542 408.97151291999995 392.9765983  442.9933912359999 242.98617898 342.97979186 192.98937254
O=C(O)C(F)(F)C(F)(F)C(F)(F)C(F)(F)C(F)(F)C(F)(F)C(F)(F)C(F)(F)C(F)(F)Cl,C10HClF18O2,528.9304849,3,34.969402679999995 62.988782459999996 118.9925661 218.98617898 484.94066064,34.969402679999995 484.94066064 62.988782459999996 118.9925661 218.98617898 
O=S(O)C(F)(F)C(F)(F)C(F)(F)C(F)(F)C(F)(F)C(F)(F)F,C6HF13O2S,382.9416871,3,82.96085346000001 118.9925661 168.98937254,82.96085346000001 118.9925661 168.98937254
O=S(=O)(O)C(F)(F)C(F)(F)C(F)(F)C(F)(F)C(F)(F)C(F)(F)C(F)(F)C(F)(F)S(F)(F)(F)(F)F,C8HF21O3S2,606.8958985,2b,79.95736486 126.9646371 129.9541713 179.95097774 229.94778418 279.94459062 329.94139706 379.9382035 479.93181638 606.89590348,379.9382035 279.94459062 479.93181638 606.89590348 229.94778418 129.9541713 179.95097774 79.95736486 126.9646371 329.94139706 
O=S(=O)(O)C(F)(F)C(F)(F)C(F)(F)C(F)F,C4H2F8O3S,280.9524107,3,79.95736486 98.95576808 280.95241565199996,79.95736486 280.95241565199996 98.95576808 
O=S(=O)(O)C(F)(F)C(F)(F)C(F)(F)C(F)F,C4H2F8O3S,280.9524107,3,79.95736486 98.95576808 130.9925661 180.98937254 260.9461874,79.95736486 130.9925661 98.95576808 180.98937254 260.9461874
O=S(=O)(O)C(F)(F)C(F)(F)C(F)(F)C(F)(F)C(F)(F)C(F)(F)C(F)C(F)(F)F,C8H2F16O3S,480.9396364,3,79.95736486 98.95576808 118.9925661 129.9541713 168.98937254 180.98937254 229.94778418 280.98298542 330.97979186 380.9765983 410.93660672 460.93341316 480.939641412,480.939641412 460.93341316 79.95736486 98.95576808 118.9925661 380.9765983 229.94778418 330.97979186 168.98937254 180.98937254 129.9541713 280.98298542 410.93660672 
O=S(=O)(O)C(F)(F)C(F)(F)C(F)(F)C(F)(F)C(F)(F)C(F)=C(F)C(F)(F)F,C8HF15O3S,460.9334082,3,79.95736486 98.95576808 118.9925661 129.9541713 130.9925661 168.98937254 180.98937254 280.98298542 330.97979186 380.9765983,98.95576808 79.95736486 380.9765983 118.9925661 280.98298542 330.97979186 180.98937254 168.98937254 129.9541713 130.9925661 
O=S(=O)(O)C(F)(F)C(F)(F)C(F)(F)C(F)=C(F)C(F)(F)C(F)(F)C(F)(F)F,C8HF15O3S,460.9334082,3,79.95736486 98.95576808 118.9925661 168.98937254 129.9541713 229.94778418 230.98617898 280.98298542,79.95736486 98.95576808 230.98617898 118.9925661 129.9541713 168.98937254 229.94778418 280.98298542
O=S(=O)(O)C(F)(F)C(F)(F)C(F)(F)C(F)=C(F)C(F)(F)C(F)(F)C(F)(F)F,C8HF15O3S,460.9334082,3,79.95736486 98.95576808 118.9925661 168.98937254 230.98617898 380.9765983 460.93341316,79.95736486 460.93341316 98.95576808 230.98617898 168.98937254 118.9925661 380.9765983 
O=S(=O)(O)C(F)(F)C(F)(F)C(F)(F)C(F)(F)C(F)(F)OC(F)(F)F,C6HF13O4S,414.9315164,3,79.95736486 98.95576808 84.99067428000001 134.98748072 184.98428716,79.95736486 84.99067428000001 98.95576808 134.98748072 184.98428716
O=S(=O)(O)C(F)(F)C(F)(F)C(F)(F)C(F)(F)C(F)(F)OC(F)(F)C(F)(F)F,C7HF15O4S,464.9283228,3,79.95736486 78.98369708 98.95576808 118.9925661 134.98748072 464.92832778,79.95736486 98.95576808 464.92832778 134.98748072 118.9925661 78.98369708 
O=S(=O)(O)C(F)(F)C(F)(F)C(F)(F)C(F)(F)OC(F)(F)C(F)(F)OC(F)(F)C(F)(F)F,C8HF17O5S,530.9200439,3,78.98369708 79.95736486 98.95576808 134.98748072 250.97600822,134.98748072 79.95736486 98.95576808 250.97600822 78.98369708 
O=S(=O)(O)C(F)(F)C(F)(F)C(F)(F)C(F)(F)C(F)(F)C(F)C(F)=C(F)C(F)(F)F,C9H2F16O3S,492.9396364,3,79.95736486 98.95576808 130.9925661 142.9925661 192.98937254 242.98617898 292.98298542 342.97979186 422.93660672 442.942834972,79.95736486 98.95576808 130.9925661 142.9925661 192.98937254 242.98617898 292.98298542 342.97979186 422.93660672 442.942834972
O=S(=O)(O)C(F)(F)C(F)(F)OC(F)(F)C(F)(F)C(F)(F)C(F)(F)C(F)=CF,C8H2F14O4S,458.9377446,3,82.96085346000001 98.95576808 192.98937254 258.98109359999995 278.987321852 458.93774959200005,258.98109359999995 278.987321852 192.98937254 82.96085346000001 458.93774959200005 98.95576808 
O=S(=O)(O)C(F)(F)C(F)(F)OC(F)(F)C(F)(F)C(F)(F)C(F)(F)C=C(F)F,C8H2F14O4S,458.9377446,3,82.96085346000001 98.95576808 192.98937254 258.98109359999995 278.987321852 458.93774959200005,258.98109359999995 278.987321852 192.98937254 82.96085346000001 458.93774959200005 98.95576808 
O=S(=O)(O)C(F)(F)C(F)(F)OC(F)(F)C(F)(F)C(F)(F)C(F)=C(F)C(F)F,C8H2F14O4S,458.9377446,3,82.96085346000001 98.95576808 192.98937254 258.98109359999995 278.987321852 458.93774959200005,258.98109359999995 278.987321852 192.98937254 82.96085346000001 458.93774959200005 98.95576808 
O=S(=O)(O)C(F)(F)C(F)(F)OC(F)(F)C(F)(F)C(F)(F)C(F)(F)C(F)F,C7H2F14O4S,446.9377446,2b,82.96085346000001 180.98937254 246.9810936 266.987321852,82.96085346000001 180.98937254 246.9810936 266.987321852
O=S(=O)(O)C(F)(F)C(F)(F)OC(F)(F)C(F)(F)C(F)(F)C(F)(F)C(F)(F)C(F)F,C8H2F16O4S,496.9345511,1,82.96085346000001 98.95576808 198.94938096 230.98617898 296.97790003999995 316.984128292 496.93455603200005,316.984128292 296.97790003999995 496.93455603200005 230.98617898 82.96085346000001 98.95576808 198.94938096 
O=S(=O)(O)C(F)(F)C(F)(F)OC(F)(F)C(F)(F)C(F)(F)C(F)(F)C(F)(F)C(F)(F)C(F)(F)C(F)F,C10H2F20O4S,596.9281639,1,82.96085346000001 98.95576808 330.97979186 396.97151291999995 416.977741172 596.928168912,416.977741172 330.97979186 596.928168912 82.96085346000001 98.95576808 396.97151291999995 
O=S(=O)(O)C(F)(F)C(F)(F)OC(F)(F)C(F)(F)C(F)(F)C(F)(F)C(F)C(F)F,C8H3F15O4S,478.9439729,2b,82.96085346000001 98.95576808 192.98937254 258.98109359999995 278.987321852 298.99355010399995 382.94397784399996,298.99355010399995 258.98109359999995 82.96085346000001 98.95576808 278.987321852 192.98937254 382.94397784399996
O=C(C(F)(F)F)C(F)(F)C(F)(F)C(F)(F)C(F)(F)C(F)(F)C(F)(F)S(=O)(=O)O,C8HF15O4S,476.9283228,3,79.95736486 98.95576808 82.96085346000001 130.9925661 180.98937254 260.9461874 360.93980028 410.93660672 476.92832778,360.93980028 79.95736486 98.95576808 476.92832778 82.96085346000001 130.9925661 180.98937254 260.9461874 410.93660672 
O=C(F)C(F)(F)C(F)(F)C(F)(F)C(F)(F)C(F)(F)C(F)(F)C(F)(F)S(=O)(=O)O,C8HF15O4S,476.9283228,3,79.95736486 82.96085346000001 98.95576808 84.99067428000001 130.9925661 168.98937254 180.98937254 196.98428716 280.98298542 410.93660672 460.93341316,130.9925661 98.95576808 79.95736486 180.98937254 196.98428716 280.98298542 82.96085346000001 84.99067428000001 168.98937254 410.93660672 460.93341316
O=C(C(F)(F)F)C(F)(F)C(F)(F)C(F)(F)C(F)(F)C(F)(F)C(F)(F)S(=O)(=O)O,C8HF15O4S,476.9283228,3,79.95736486 82.96085346000001 98.95576808 96.99067428000001 130.9925661 260.9461874 310.94299384 360.93980028 476.92832778,79.95736486 98.95576808 476.92832778 130.9925661 82.96085346000001 260.9461874 310.94299384 360.93980028 96.99067428000001 
O=C(F)C(F)(F)C(F)(F)C(F)(F)C(F)(F)C(F)(F)C(F)(F)C(F)(F)S(=O)(=O)O,C8HF15O4S,476.9283228,3,79.95736486 98.95576808 130.9925661 180.98937254 230.98617898 330.97979186 260.9461874 310.94299384 410.93660672 129.9541713 146.98748072 196.98428716 296.97790003999995,79.95736486 98.95576808 130.9925661 260.9461874 180.98937254 230.98617898 330.97979186 310.94299384 410.93660672 129.9541713 146.98748072 196.98428716 296.97790003999995
O=C(C(F)(F)C(F)(F)C(F)(F)C(F)(F)S(=O)(=O)O)C(F)(F)C(F)(OC(F)(F)C(F)(F)F)C(F)(F)F,C10HF19O5S,592.9168503,3,79.95736486 98.95576808 82.96085346000001 96.99067428000001 118.9925661 130.9925661 146.98748072 162.98239534 180.98937254 212.97920178 230.98617898 326.93790846 376.9347149 592.91685528,79.95736486 130.9925661 180.98937254 98.95576808 162.98239534 592.91685528 146.98748072 230.98617898 376.9347149 82.96085346000001 96.99067428000001 118.9925661 212.97920178 326.93790846 
O=S(=O)(O)C(F)(F)C(F)(F)C(F)(F)C(F)(F)C(F)(F)C(F)(F)C(F)(F)Cl,C7HClF14O3S,464.9038577,2b,79.95736486 98.95576808 179.95097774,79.95736486 98.95576808 179.95097774
O=S(=O)(O)C(F)(F)C(F)(F)C(F)(F)C(F)(F)C(F)(F)C(F)(F)C(F)(F)C(F)(F)Cl,C8HClF16O3S,514.9006641,1,34.969402679999995 79.95736486 98.95576808 129.9541713 179.95097774 229.94778418 279.94459062,79.95736486 98.95576808 129.9541713 34.969402679999995 229.94778418 179.95097774 279.94459062
O=S(=O)(O)C(F)(Cl)C(F)(F)C(F)(F)C(F)(F)C(F)(F)C(F)(F)C(F)(F)C(F)(F)F,C8HClF16O3S,514.9006641,3,34.969402679999995 79.95736486 98.95576808 118.9925661 114.92621754,79.95736486 98.95576808 114.92621754 34.969402679999995 118.9925661 
O=S(=O)(O)C(F)(Cl)C(F)(F)C(F)(F)C(F)(F)C(F)(F)C(F)(F)F,C6HClF12O3S,414.9070512,3,34.969402679999995 79.95736486 98.95576808 114.92621754,79.95736486 98.95576808 114.92621754 34.969402679999995 
O=S(=O)(O)C(F)(Cl)C(F)(F)C(F)(F)C(F)(F)C(F)(F)C(F)(F)C(F)(F)C(F)(F)F,C8HClF16O3S,514.9006641,3,34.969402679999995 79.95736486 98.95576808 114.92621754 168.98937254,79.95736486 98.95576808 114.92621754 168.98937254 34.969402679999995 
O=S(=O)(O)C(F)(F)C(F)(F)C(F)(F)C(F)(Cl)C(F)(F)C(F)(F)C(F)(Cl)C(F)(F)F,C8HCl2F15O3S,530.8711136,3,34.969402679999995 79.95736486 98.95576808 129.9541713 179.95097774 229.94778418 260.9461874 310.94299384 295.91504008,79.95736486 229.94778418 310.94299384 129.9541713 260.9461874 295.91504008 98.95576808 179.95097774 34.969402679999995
O=S(=O)(O)C(F)(F)C(F)(F)OC(F)(F)C(F)(F)C(F)(F)C(F)(F)C(F)(F)Cl,C7HClF14O4S,480.8987723,2b,82.96085346000001 98.95576808 300.94834949999995 480.89877723999996,300.94834949999995 480.89877723999996 82.96085346000001 98.95576808 
O=S(=O)(O)C(F)(F)C(F)(F)OC(F)(F)C(F)(F)C(F)(F)C(F)(F)C(F)(F)C(F)(F)Cl,C8HClF16O4S,530.8955787,1,82.96085346000001 98.95576808 350.94515593999995 530.89558368,350.94515593999995 530.89558368 82.96085346000001 98.95576808 
O=S(=O)(O)C(F)(F)C(F)(F)OC(F)(F)C(F)(F)C(F)(F)C(F)(F)C(F)(F)C(F)(F)C(F)(F)Cl,C9HClF18O4S,580.8923852,2b,82.96085346000001 98.95576808 400.94196237999995 580.89239012,400.94196237999995 580.89239012 82.96085346000001 98.95576808 
O=S(=O)(O)C(F)(F)C(F)(F)OC(F)(F)C(F)(F)C(F)(F)C(F)(F)C(F)(F)C(F)(F)C(F)(F)C(F)(F)Cl,C10HClF20O4S,630.8891916,1,82.96085346000001 98.95576808 450.93876881999995 630.8891965600001,450.93876881999995 630.8891965600001 82.96085346000001 98.95576808 
O=S(=O)(O)C(F)(F)C(F)(F)OC(F)(F)C(F)(F)C(F)(F)C(F)(F)C(F)(F)C(F)(F)C(F)(F)C(F)(F)C(F)(F)C(F)(F)Cl,C12HClF24O4S,730.8828045,2b,82.96085346000001 98.95576808 550.9323817000001 730.8828094400001,550.9323817000001 730.8828094400001 82.96085346000001 98.95576808 
O=S(=O)(O)C(F)(F)C(F)(F)OC(F)(F)C(F)(F)C(F)(F)C(F)(F)C(F)(F)C(F)(F)Cl,C8HClF16O4S,530.8955787,1,34.969402679999995 82.96085346000001 98.95576808 268.98298542 350.94515593999995 530.89558368,530.89558368 350.94515593999995 82.96085346000001 34.969402679999995 98.95576808 268.98298542 
O=S(=O)(O)C(F)(F)C(F)(F)OC(F)(F)C(F)(F)C(F)(F)C(F)(F)C(F)(F)C(F)(F)C(F)(F)C(F)(F)Cl,C10HClF20O4S,630.8891916,2b,82.96085346000001 450.93876881999995 630.8891965600001,630.8891965600001 450.93876881999995 82.96085346000001
O=S(=O)(O)C(F)(F)C(F)(F)OC(F)(F)C(F)(F)C(F)(F)C(F)(F)Cl,C6HClF12O4S,430.9019658,1,82.96085346000001 98.95576808 84.99067428000001 350.94515593999995,350.94515593999995 98.95576808 82.96085346000001 84.99067428000001
O=S(=O)(O)C(F)(F)C(F)(F)OC(F)(F)C(F)(F)C(F)(F)C(F)(F)C(F)(F)C(F)(F)Cl,C8HClF16O4S,530.8955787,1,34.969402679999995 82.96085346000001 98.95576808 84.99067428000001 198.94938096 350.94515593999995 530.89558368,350.94515593999995 530.89558368 82.96085346000001 98.95576808 84.99067428000001 198.94938096 34.969402679999995 
O=S(=O)(O)C(F)(F)C(F)(F)OC(F)(F)C(F)(F)C(F)(F)C(F)(F)C(F)(F)C(F)(F)C(F)(F)C(F)(F)Cl,C10HClF20O4S,630.8891916,2b,34.969402679999995 82.96085346000001 98.95576808 84.99067428000001 168.98937254 198.94938096 450.93876881999995 630.8891965600001,450.93876881999995 82.96085346000001 98.95576808 84.99067428000001 168.98937254 198.94938096 630.8891965600001 34.969402679999995 
O=C(O)CC(F)(F)C(F)(F)C(F)(F)C(F)(F)C(F)(F)C(F)(F)C(F)(F)C(F)(F)F,C10H3F17O2,476.9788791,2a,242.98617898 392.9765983 476.978884044,476.978884044 392.9765983 242.98617898
O=S(=O)(O)CC(F)(F)C(F)(F)C(F)(F)C(F)(F)C(F)(F)C(F)(F)C(F)(F)F,C8H3F15O3S,462.9490583,3,79.95736486 98.95576808 142.9925661 192.98937254 242.98617898 292.98298542 342.97979186 422.93660672 442.942834972 462.94906322399993,442.942834972 462.94906322399993 192.98937254 79.95736486 422.93660672 342.97979186 98.95576808 292.98298542 142.9925661 242.98617898 
O=S(=O)(O)CCC(F)(F)C(F)(F)C(F)(F)C(F)(F)C(F)(F)C(F)(F)F,C8H5F13O3S,426.9679019,1,79.95736486 80.965189892 259.017479108 294.998635484 388.971100408 426.967906848,80.965189892 79.95736486 259.017479108 294.998635484 388.971100408 426.967906848
O=S(=O)(O)CCC(F)(F)C(F)(F)C(F)(F)C(F)(F)C(F)(F)C(F)(F)F,C8H5F13O3S,426.9679019,1,79.95736486 80.965189892 254.98617898 292.98298542 386.9554503439999 406.96167859599996,406.96167859599996 80.965189892 79.95736486 386.9554503439999 254.98617898 292.98298542 
O=S(=O)(O)C(O)CC(F)(F)C(F)(F)C(F)(F)C(F)(F)C(F)(F)C(F)(F)F,C8H5F13O4S,442.9628165,3,79.95736486 80.965189892 94.980839956 118.9925661 122.975754576 168.98937254 192.98937254 242.98617898 292.98298542 318.97979186 424.9522567839999,122.975754576 79.95736486 94.980839956 424.9522567839999 318.97979186 242.98617898 292.98298542 168.98937254 192.98937254 80.965189892 118.9925661  
O=C(O)CSCCC(F)(F)C(F)(F)C(F)(F)C(F)(F)C(F)(F)C(F)(F)F,C10H7F13O2S,436.9886373,3,90.98592533600001 272.96144354 292.96767179200003 312.97390004399995 332.980128296 376.969957536 396.976185788 416.98241404000004 436.98864229199995,90.98592533600001 376.969957536 312.97390004399995 416.98241404000004 332.980128296 436.98864229199995 292.96767179200003 396.976185788 272.96144354 
O=C(O)CCSCCC(F)(F)C(F)(F)C(F)(F)C(F)(F)C(F)(F)C(F)(F)F,C11H9F13O2S,451.0042874,3,105.00157540000001 338.97070648399995 358.976934736 378.983162988 451.00429235599995,378.983162988 338.97070648399995 105.00157540000001 451.00429235599995 358.976934736 
CC(C)(CS(=O)(=O)O)NC(=O)CCSCCC(F)(F)C(F)(F)C(F)(F)C(F)(F)C(F)(F)C(F)(F)F,C15H18F13NO4S2,586.0396869,3,135.01214008399998 152.03868917999998 206.049253864 586.0396918839999,135.01214008399998 152.03868917999998 206.049253864 586.0396918839999
CC(C)(CS(=O)(=O)O)NC(=O)CCS(=O)CCC(F)(F)C(F)(F)C(F)(F)C(F)(F)C(F)(F)C(F)(F)F,C15H18F13NO5S2,602.0346015,3,152.03868917999998 206.049253864 256.031889548 602.0346065040001,152.03868917999998 206.049253864 256.031889548 602.0346065040001
CC(C)(CS(=O)(=O)O)NC(=O)CCS(=O)CCC(F)(F)C(F)(F)C(F)(F)C(F)(F)C(F)(F)C(F)(F)F,C15H18F13NO5S2,602.0346015,3,135.01214008399998 152.03868917999998 206.049253864 256.031889548 602.0346065040001,152.03868917999998 206.049253864 256.031889548 135.01214008399998 602.0346065040001
O=C(O)CCS(=O)(=O)CCC(F)(F)C(F)(F)C(F)(F)C(F)(F)C(F)(F)C(F)(F)F,C11H9F13O4S,482.9941166,2b,82.96085346000001 136.99140464 216.98937254 254.98617898 266.98617898 282.983321856 286.992407232 482.994121596,266.98617898 254.98617898 216.98937254 286.992407232 82.96085346000001 282.983321856 136.99140464
NS(=O)(=O)C(F)(F)C(F)(F)C(F)(F)C(F)(F)C(F)(F)C(F)(F)C(F)(F)C(F)(F)F,C8H2F17NO2S,497.946199,1,77.96552424000001 497.94620401200007 118.9925661 168.98937254,77.96552424000001 497.94620401200007 118.9925661 168.98937254
O=S(=O)(NCCO)C(F)(F)C(F)(F)C(F)(F)C(F)(F)C(F)(F)C(F)(F)C(F)(F)C(F)(F)F,C10H6F17NO3S,541.9724138,2b,64.97027527200001 91.981174304 63.962450239999995 121.991738988 168.98937254 118.9925661,64.97027527200001 63.962450239999995 91.981174304 121.991738988 168.98937254 118.9925661
CN(CC(=O)O)S(=O)(=O)C(F)(F)C(F)(F)C(F)(F)C(F)(F)F,C7H6F9NO4S,369.9801027,2b,218.98617898 282.94807921999995 311.974628316,218.98617898 282.94807921999995 311.974628316
CCN(CC(=O)O)S(=O)(=O)C(F)(F)C(F)(F)C(F)(F)C(F)(F)C(F)(F)F,C9H8F11NO4S,433.9925592,2b,168.98937254 218.98617898,168.98937254 218.98617898
CCN(CC(=O)O)S(=O)(=O)C(F)(F)C(F)(F)C(F)(F)C(F)(F)C(F)(F)C(F)(F)F,C10H8F13NO4S,483.9893656,2b,168.98937254 218.98617898,168.98937254 218.98617898
CCN(CC(=O)O)S(=O)(=O)C(F)(F)C(F)(F)C(F)(F)C(F)(F)C(F)(F)C(F)(F)C(F)(F)F,C11H8F15NO4S,533.986172,2b,168.98937254 218.98617898,168.98937254 218.98617898
CCN(CC(=O)O)S(=O)(=O)C(F)(F)C(F)(F)C(F)(F)C(F)(F)C(F)(F)C(F)(F)C(F)(F)C(F)(F)F,C12H8F17NO4S,583.9829785,2b,168.98937254 218.98617898 268.98298542 418.97340474 482.93530498 525.9775041400001,525.9775041400001 418.97340474 218.98617898 168.98937254 482.93530498 268.98298542 
O=S(=O)(O)CCCNS(=O)(=O)C(F)(F)C(F)(F)C(F)(F)C(F)(F)C(F)(F)C(F)(F)F,C9H8F13NO5S2,519.9563512,2b,77.96552424000001 397.95259113200007,397.95259113200007 77.96552424000001
CN(C)CCCNS(=O)(=O)C(F)(F)C(F)(F)C(F)(F)C(F)(F)C(F)(F)F,C10H13F11N2O2S,433.0449291,2b,318.97979186 183.060901844 168.98937254 163.054673592 118.9925661,318.97979186 183.060901844 168.98937254 163.054673592 118.9925661
CN(C)CCCNS(=O)(=O)C(F)(F)C(F)(F)C(F)(F)C(F)(F)C(F)(F)C(F)(F)F,C11H13F13N2O2S,483.0417355,2b,118.9925661 168.98937254 163.054673592 183.060901844 318.97979186 483.041740484,118.9925661 168.98937254 163.054673592 183.060901844 318.97979186 483.041740484
CN(C)CCC(CO)N(CCCS(=O)(=O)O)S(=O)(=O)C(F)(F)C(F)(F)C(F)(F)C(F)(F)C(F)(F)C(F)(F)F,C15H21F13N2O6S2,635.0560653,3,513.052305168 196.06490392799998 168.98937254 149.039023528,513.052305168 196.06490392799998 168.98937254 149.039023528
O=P(O)(OCCC(F)(F)C(F)(F)C(F)(F)C(F)(F)C(F)(F)C(F)(F)F)OCCC(F)(F)C(F)(F)C(F)(F)C(F)(F)C(F)(F)C(F)(F)F,C16H9F26O4P,788.9750491,1,78.95905549 96.969620174 422.966108878 442.97233713 788.975054086,788.975054086 96.969620174 442.97233713 78.95905549 422.966108878 
OC(F)(F)C(F)(F)C(F)(F)F,C3HF7O,184.9842822,2b,68.99575966 118.9925661,118.9925661 68.99575966
OC(F)(F)C(F)(F)C(F)(F)C(F)(F)F,C4HF9O,234.9810886,2b,68.99575966 84.99067428000001 134.98748072 184.98428716,68.99575966 184.98428716 84.99067428000001 134.98748072
OC(F)(F)C(F)(F)C(F)(F)C(F)(F)C(F)=C(F)C(F)(F)F,C7HF13O,346.9747015,3,118.9925661 130.9925661 134.98748072 168.98937254 180.98937254 230.98617898 280.98298542,280.98298542 180.98937254 230.98617898 130.9925661 168.98937254 134.98748072 118.9925661
OC(F)(F)C(F)(F)C(F)(F)C(F)(F)C(F)(F)C(F)(F)C(F)(F)C(F)(F)C(F)(F)C(F)=C(F)C(F)(F)F,C12HF23O,596.9587337,3,118.9925661 168.98937254 230.98617898 330.97979186 530.96701762 596.95873868,596.95873868 530.96701762 330.97979186 118.9925661 168.98937254 230.98617898 
O=S(=O)(O)c1ccc(OC(=C(C(F)(C(F)(F)F)C(F)(F)F)C(F)(C(F)(F)F)C(F)(F)F)C(F)(F)F)cc1,C15H5F17O4S,602.9564294,1,171.983579608 464.966015028 602.956434348,602.956434348 171.983579608 464.966015028
OC(F)(F)C(F)(F)C(F)(F)OC(F)(F)C(F)(F)C(F)(F)OC(F)(F)C(F)(Cl)C(F)(F)F,C9HClF18O3,532.9253995,3,68.99575966 84.99067428000001 134.96301556 134.98748072 184.98428716 200.95473662 366.94007056,200.95473662 366.94007056 184.98428716 134.96301556 84.99067428000001 68.99575966 134.98748072 
OC(F)(F)C(F)(F)C(F)(F)OC(F)(F)C(F)(F)C(F)(F)OC(F)(F)C(F)(F)C(F)(F)OC(F)(F)C(F)(Cl)C(F)(F)F,C12HClF24O4,698.9107335,3,68.99575966 84.99067428000001 134.96301556 134.98748072 184.98428716 200.95473662 366.94007056 532.9254045,200.95473662 366.94007056 184.98428716 532.9254045 68.99575966 134.96301556 84.99067428000001 134.98748072 
OC(F)(F)C(F)(F)C(F)(F)OC(F)(F)C(F)(F)C(F)(F)OC(F)(F)C(F)(F)OC(F)(F)OC(F)(F)C(F)(Cl)C(F)(F)F,C12HClF24O5,714.9056481,3,68.99575966 84.99067428000001 134.96301556 134.98748072 184.98428716 200.95473662 250.97600822 266.94645768 382.93498517999996 416.96134215999996 548.9203191199999,250.97600822 84.99067428000001 200.95473662 184.98428716 382.93498517999996 416.96134215999996 266.94645768 134.96301556 548.9203191199999 68.99575966 134.98748072 
O=C(O)C(F)(F)OC(F)(F)C(F)(F)C(F)(F)OC(F)(F)C(F)(F)C(F)(F)OC(F)(Cl)C(F)(F)OC(F)(F)C(F)(Cl)C(F)(F)F,C13HCl2F23O6,758.8710122,3,68.99575966 184.98428716 200.95473662 332.91371358 366.94007056 498.89904751999995 664.88438146,200.95473662 498.89904751999995 366.94007056 332.91371358 184.98428716 664.88438146 68.99575966
O=C(O)C(F)(F)C(F)(F)C(F)(F)C(F)(F)C(F)(F)C(F)(F)C(F)(F)F,C8HF15O2,412.9664226,1,118.9925661 168.98937254 218.98617898 368.9765983,168.98937254 368.9765983 218.98617898 118.9925661
O=S(=O)(O)C(F)(F)C(F)(F)C(F)(F)C(F)(F)C(F)(F)C(F)(F)C(F)(F)C(F)(F)F,C8HF17O3S,498.9302146,1,79.95736486 98.95576808 498.9302196,498.9302196 79.95736486 98.95576808
O=C(O)C(F)(F)C(F)C(F)(F)C(F)(F)C(F)(F)C(F)(F)C(F)(F)C(F)(F)C(F)(F)F,C10H2F18O2,494.9694573,3,101.001987912 118.9925661 168.98937254 218.98617898 368.9765983,101.001987912 168.98937254 368.9765983 218.98617898 118.9925661
O=C(O)C(F)(F)C(F)=C(F)C(F)=C(F)F,C6HF7O2,236.9791968,3,108.99067428000001 142.9925661 170.98748072 236.97920178,236.97920178 170.98748072 108.99067428000001 142.9925661
O=C(O)C(F)(F)C(F)=C(F)C(F)=C(F)F,C6HF7O2,236.9791968,3,108.99067428000001 142.9925661 170.98748072 236.97920178,236.97920178 108.99067428000001 142.9925661 170.98748072
O=C(O)OCC(F)(F)C(F)(F)C(F)=C(F)C(F)=C(F)F,C8H3F9O3,316.9865679,3,104.99575966 142.9925661 166.9925661 170.98748072 204.98937254 232.98428716 252.990515412 272.99674366399995 316.98657290399996,232.98428716 170.98748072 166.9925661 272.99674366399995 204.98937254 316.98657290399996 142.9925661 252.990515412 104.99575966 
O=S(=O)(O)C(F)(F)OC(F)C(F)(F)F,C3H2F6O4S,246.9505189,3,68.99575966 80.965189892 134.98748072 146.98748072 166.993708972 226.94429558 246.95052383200002,246.95052383200002 166.993708972 68.99575966 226.94429558 146.98748072 80.965189892 134.98748072 
O=S(=O)(O)C(F)(F)C(F)(F)OC(F)(F)C(F)F,C4H2F8O4S,296.9473253,3,82.96085346000001 96.99067428000001 98.95576808 116.99690253200001 134.98748072 296.947330272,296.947330272 98.95576808 116.99690253200001 82.96085346000001 96.99067428000001 134.98748072 
O=S(=O)(O)C(F)(F)C(F)(F)OC(F)(F)C(F)(F)C(F)F,C5H2F10O4S,346.9441317,3,82.96085346000001 146.98748072 166.993708972 346.944136712,346.944136712 166.993708972 146.98748072 82.96085346000001 
O=S(=O)(O)C(F)(F)C(F)(F)OC(F)(F)C(F)(F)C(F)(F)C(F)F,C6H2F12O4S,396.9409382,3,82.96085346000001 98.95576808 130.9925661 196.98428716 198.94938096 216.990515412 396.94094315200005,216.990515412 396.94094315200005 130.9925661 196.98428716 82.96085346000001 98.95576808 198.94938096 
O=S(=O)(O)C(F)(F)C(F)(F)OC(F)(F)C(F)(F)C(F)(F)C(F)(F)C(F)(F)C(F)F,C8H2F16O4S,496.9345511,3,82.96085346000001 84.99067428000001 96.960104512 98.95576808 230.98617898 296.97790003999995 316.984128292 496.93455603200005,496.93455603200005 296.97790003999995 230.98617898 316.984128292 96.960104512 82.96085346000001 98.95576808 84.99067428000001 
O=S(=O)(O)CC(F)OC(F)(F)F,C3H4F4O4S,210.9693625,3,79.95736486 82.96085346000001 84.99067428000001 210.96936745600001,210.96936745600001 79.95736486 82.96085346000001 84.99067428000001 
O=S(=O)(O)COC(F)C(F)(F)OC(F)(F)F,C4H4F6O5S,276.9610835,3,62.991010716 79.95736486 82.96085346000001 94.980839956 98.95576808 118.9925661 134.98748072 176.94748914 198.94938096 276.96108851599996,276.96108851599996 62.991010716 82.96085346000001 94.980839956 79.95736486 176.94748914 98.95576808 118.9925661 134.98748072  198.94938096 
O=S(=O)(O)COC(F)C(F)(F)OC(F)(F)C(F)(F)F,C5H4F8O5S,326.95789,3,82.96085346000001 112.98558890000001 176.94748914 210.96936745600001 326.95789495599996,326.95789495599996 112.98558890000001 82.96085346000001 176.94748914 210.96936745600001 
O=S(=O)(O)CCC(F)(F)C(F)(F)C(F)(F)C(F)(F)C(F)(F)C(F)(F)F,C8H5F13O3S,426.9679019,1,79.95736486 80.965189892 406.96167859599996 426.967906848,426.967906848 79.95736486 80.965189892 406.96167859599996
OC(F)(F)C(F)(F)OC(F)(F)F,C3HF7O2,200.9791968,3,84.99067428000001 134.98748072 200.97920178,84.99067428000001 134.98748072 200.97920178
OC(F)(F)C(F)(F)C(F)(F)OC(F)(F)F,C4HF9O2,250.9760033,3,68.99575966 84.99067428000001 184.98428716 250.97600822,84.99067428000001 184.98428716 68.99575966 250.97600822
OC(F)(F)C(F)(F)C(F)(F)OC(F)(F)C(F)(F)F,C5HF11O2,300.9728097,3,118.9925661 134.98748072 234.9810936,134.98748072 118.9925661 234.9810936
OC(F)C(F)(F)OC(F)(F)F,C3H2F6O2,182.9886186,3,68.99575966 112.98558890000001 132.991817152 182.988623592,112.98558890000001 68.99575966 182.988623592 132.991817152 
O=C(O)CNS(=O)(=O)C(F)(F)C(F)(F)C(F)(F)C(F)(F)C(F)(F)C(F)(F)C(F)(F)C(F)(F)F,C10H4F17NO4S,555.9516783,1,168.9895 218.98599 418.9733 497.94589 77.9653 555.95367,77.9653 168.9895 555.95367 218.98599 497.94589 418.9733 
CCNS(=O)(=O)C(F)(F)C(F)(F)C(F)(F)C(F)(F)C(F)(F)C(F)(F)C(F)(F)C(F)(F)F,C10H6F17NO2S,525.9774992,1,168.9895 218.9863 268.98279 361.98389 418.97269,218.9863 168.9895 361.98389 268.98279 418.97269
O=C(O)C(F)(F)C(F)(F)C(F)(F)C(F)(F)C(F)(F)C(F)(F)C(F)(F)C(F)(F)C(F)(F)F,C10HF19O2,512.9600355,1,168.9894 196.98421 218.98621 268.98309 318.97949 468.97009,468.97009 218.98621 268.98309 168.9894 318.97949 196.98421 
CN(CC(=O)O)S(=O)(=O)C(F)(F)C(F)(F)C(F)(F)C(F)(F)C(F)(F)C(F)(F)C(F)(F)C(F)(F)F,C11H6F17NO4S,569.9673284,1,168.9888 218.9854 418.9726 482.93451 511.96069,218.9854 418.9726 168.9888 482.93451 511.96069
CCN(CC(=O)O)S(=O)(=O)C(F)(F)C(F)(F)C(F)(F)C(F)(F)C(F)(F)C(F)(F)C(F)(F)C(F)(F)F,C12H8F17NO4S,583.9829785,1,168.9881 218.9855 268.98331 418.97269 482.93469 525.97662,168.9881 218.9855 525.97662 418.97269 482.93469 268.98331 
O=C(O)C(F)(F)C(F)(F)C(F)(F)F,C4HF7O2,212.9791968,1,168.9894 212.979,168.9894 212.979
O=C(O)C(F)(F)C(F)(F)C(F)(F)C(F)(F)F,C5HF9O2,262.9760033,1,218.98621 196.9834,218.98621 196.9834
O=C(O)C(F)(F)C(F)(F)C(F)(F)C(F)(F)C(F)(F)F,C6HF11O2,312.9728097,1,225.9904 268.98309 312.97269 118.9928 312.98279,268.98309 118.9928 312.98279 312.97269 225.9904 
O=C(O)C(F)(F)C(F)(F)C(F)(F)C(F)(F)C(F)(F)C(F)(F)F,C7HF13O2,362.9696161,1,168.98911 318.9798 362.98199 118.9925,318.9798 168.98911 118.9925 362.98199 
NS(=O)(=O)C(F)(F)C(F)(F)C(F)(F)C(F)(F)C(F)(F)C(F)(F)C(F)(F)C(F)(F)F,C8H2F17NO2S,497.946199,1,118.992 168.9892 477.93991 497.94659,497.94659 118.992 168.9892 477.93991 
O=P(O)(O)OCCC(F)(F)C(F)(F)C(F)(F)C(F)(F)C(F)(F)C(F)(F)F,C8H6F13O4P,442.9723322,1,422.9653 442.97049 96.9693 78.9591 205.01489,96.9693 78.9591 422.9653 205.01489 442.97049 
O=C(O)C(F)(F)C(F)(F)C(F)(F)C(F)(F)C(F)(F)C(F)(F)C(F)(F)F,C8HF15O2,412.9664226,1,168.9893 368.9761 218.9863 412.97711,168.9893 368.9761 412.97711 218.9863 
O=S(=O)(O)C(F)(F)C(F)(F)C(F)(F)C(F)(F)C(F)(F)C(F)(F)C(F)(F)C(F)(F)F,C8HF17O3S,498.9302146,1,498.9313 118.98969 129.94914 130.95146 131.94786 161.93987 168.98598 179.94714 180.94797 181.94174 211.93752 218.981 229.94287 231.94191 261.93323 263.93176 274.95804 279.94177 281.93665 324.95624 329.93478 460.93127 218.92728 260.87363,229.94287 129.94914 498.9313 168.98598 179.94714 279.94177 261.93323 118.98969 161.93987 211.93752 231.94191 131.94786 329.93478 130.95146  218.981 460.93127 218.92728 260.87363 180.94797 181.94174 263.93176 274.95804 281.93665 324.95624 
O=C(O)C(F)(F)C(F)(F)C(F)(F)C(F)(F)C(F)(F)C(F)(F)C(F)(F)C(F)(F)F,C9HF17O2,462.963229,1,168.989 218.9859 268.9834 418.9733,418.9733 168.989 218.9859 268.9834 
O=P(O)(OCCO)OCCC(F)(F)C(F)(F)C(F)(F)C(F)(F)C(F)(F)C(F)(F)F,C10H10F13O5P,486.99855,1,78.96137 140.99508,78.96137 140.99508
O=C(O)CC(F)(F)C(F)(F)C(F)(F)C(F)(F)C(F)(F)C(F)(F)C(F)(F)C(F)(F)F,C10H3F17O2,476.97888,1,192.98977 242.98199 342.97996 392.97694,392.97694 242.98199 342.97996 192.98977
O=S(=O)(O)CCC(F)(F)C(F)(F)C(F)(F)C(F)(F)C(F)(F)C(F)(F)C(F)(F)C(F)(F)F,C10H5F17O3S,526.96152,1,80.9688 486.95085 506.95808 526.96487,80.9688 506.95808 486.95085 526.96487
CCNS(=O)(=O)C(F)(F)C(F)(F)C(F)(F)C(F)(F)C(F)(F)C(F)(F)C(F)(F)C(F)(F)F,C10H6F17NO2S,525.9775,1,525.97941 361.98616 268.98549 218.98555 168.98829 126.00284 118.99231 64.98886,168.98829 525.97941 218.98555 118.99231 126.00284 64.98886 361.98616 268.98549 
O=C(O)C(F)(F)C(F)(F)C(F)(F)C(F)(F)C(F)(F)C(F)(F)C(F)(F)C(F)(F)C(F)(F)F,C10HF19O2,512.96004,1,168.99059 218.98521 268.98215 468.97021,468.97021 268.98215 218.98521 168.99059
O=C(C(F)(F)F)C(F)(F)C(F)(F)C(F)(F)C(F)(F)C(F)(F)C(F)(F)C(F)(F)C(F)(F)S(=O)(=O)O,C10HF19O4S,576.92194,1,79.95967 98.96882 180.99116 510.94156 576.92714,576.92714 79.95967 98.96882 180.99116 510.94156 
O=S(=O)(O)C(F)(F)C(F)(F)C(F)(F)C(F)(F)C(F)(F)C(F)(F)C(F)(F)C(F)(F)C(F)(F)C(F)(F)F,C10HF21O3S,598.92383,1,79.96 98.95853 129.95574 179.95113 218.9881 229.94846 279.94625 329.94332 379.93977 598.93065,598.93065 279.94625 229.94846 79.96 129.95574 179.95113 329.94332 379.93977 98.95853 218.9881
O=C(O)CC(F)(F)C(F)(F)C(F)(F)C(F)(F)C(F)(F)C(F)(F)C(F)(F)C(F)(F)C(F)(F)C(F)(F)F,C12H3F21O2,576.9725,1,62.99406 292.98224 492.9712,492.9712 292.98224 62.99406 
O=S(=O)(O)CCC(F)(F)C(F)(F)C(F)(F)C(F)(F)C(F)(F)C(F)(F)C(F)(F)C(F)(F)C(F)(F)C(F)(F)F,C12H5F21O3S,626.95513,1,80.96851 586.94681 606.9546 626.96123,606.9546 626.96123 80.96851 586.94681 
CCN(CC(=O)O)S(=O)(=O)C(F)(F)C(F)(F)C(F)(F)C(F)(F)C(F)(F)C(F)(F)C(F)(F)C(F)(F)F,C12H8F17NO4S,583.98298,1,525.98035 418.97461 268.98298 218.98642 168.98957 118.9923 82.9636,168.98957 525.98035 218.98642 418.97461 82.9636 268.98298 118.9923 
CC(C)(CS(=O)(=O)O)NC(=O)CCSCCC(F)(F)C(F)(F)C(F)(F)C(F)(F)F,C13H18F9NO4S2,486.04608,1,79.95971 135.01251 152.03782 206.05033 486.04738,135.01251 486.04738 79.95971 206.05033 152.03782 
CC(C)(CS(=O)(=O)O)NC(=O)CCS(=O)CCC(F)(F)C(F)(F)C(F)(F)C(F)(F)F,C13H18F9NO5S2,502.04099,1,79.9581 152.03928 206.04864 256.03213,152.03928 206.04864 256.03213 79.9581 
O=P(O)(OCCO)OCCC(F)(F)C(F)(F)C(F)(F)C(F)(F)C(F)(F)C(F)(F)C(F)(F)C(F)(F)C(F)(F)C(F)(F)F,C14H10F21O5P,686.98578,1,78.96168 122.99465 140.99506 454.97418,140.99506 78.96168 122.99465 454.97418
O=S(=O)(O)CCC(F)(F)C(F)(F)C(F)(F)C(F)(F)C(F)(F)C(F)(F)C(F)(F)C(F)(F)C(F)(F)C(F)(F)C(F)(F)C(F)(F)F,C14H5F25O3S,726.94875,1,80.96806 686.94229 706.95097 726.95644,706.95097 726.95644 80.96806 686.94229 
CC(C)(CS(=O)(=O)O)NC(=O)CCSCCC(F)(F)C(F)(F)C(F)(F)C(F)(F)C(F)(F)C(F)(F)F,C15H18F13NO4S2,586.03969,1,79.96089 135.01292 152.03925 206.04918,135.01292 206.04918 152.03925 79.96089 
CC(C)(CS(=O)(=O)O)NC(=O)CCS(=O)CCC(F)(F)C(F)(F)C(F)(F)C(F)(F)C(F)(F)C(F)(F)F,C15H18F13NO5S2,602.03461,1,135.01217 152.03852 206.04833 256.03084,256.03084 152.03852 206.04833 135.01217 
O=P(O)(OCCC(F)(F)C(F)(F)C(F)(F)C(F)(F)C(F)(F)C(F)(F)F)OCCC(F)(F)C(F)(F)C(F)(F)C(F)(F)C(F)(F)C(F)(F)F,C16H9F26O4P,788.97506,1,78.96167 96.97173 422.9668 442.97305,96.97173 78.96167 422.9668 442.97305
O=P(O)(OCCC(F)(F)C(F)(F)C(F)(F)C(F)(F)C(F)(F)C(F)(F)F)OCCC(F)(F)C(F)(F)C(F)(F)C(F)(F)C(F)(F)C(F)(F)C(F)(F)C(F)(F)F,C18H9F30O4P,888.96867,1,78.96228 96.97202 422.96725 442.97356 522.9622 542.96857 888.97788,96.97202 78.96228 442.97356 422.96725 542.96857 522.9622 888.97788
O=P(O)(OCCC(F)(F)C(F)(F)C(F)(F)C(F)(F)C(F)(F)C(F)(F)C(F)(F)C(F)(F)F)OCCC(F)(F)C(F)(F)C(F)(F)C(F)(F)C(F)(F)C(F)(F)C(F)(F)C(F)(F)F,C20H9F34O4P,988.96228,1,78.96219 96.97205 422.9641 442.97227 522.96064 542.96772 642.96122 988.9719,96.97205 542.96772 78.96219 522.96064 988.9719 442.97227 422.9641 642.96122 
O=P(O)(OCCC(F)(F)C(F)(F)C(F)(F)C(F)(F)C(F)(F)C(F)(F)C(F)(F)C(F)(F)F)OCCC(F)(F)C(F)(F)C(F)(F)C(F)(F)C(F)(F)C(F)(F)C(F)(F)C(F)(F)C(F)(F)C(F)(F)F,C22H9F38O4P,1088.95589,1,78.96236 96.97248 522.96177 542.96822 622.95597 642.96313 1088.96675,96.97248 78.96236 542.96822 642.96313 1088.96675 522.96177 622.95597 
O=S(=O)(O)C(F)(F)C(F)(F)F,C2HF5O3S,198.94938,1,78.02749 80.06482 98.95725,80.06482 78.02749 98.95725
O=S(=O)(O)C(F)(F)C(F)(F)C(F)(F)F,C3HF7O3S,248.94619,1,248.94956 168.99089 98.95698 79.96048,79.96048 98.95698 248.94956 168.99089 
NS(=O)(=O)C(F)(F)C(F)(F)C(F)(F)C(F)(F)F,C4H2F9NO2S,297.95898,1,63.96334 77.96809,77.96809 63.96334 
O=S(=O)(O)CCC(F)(F)C(F)(F)F,C4H5F5O3S,226.98068,1,79.96132 80.97151,79.96132 80.97151
O=C(O)C(F)(F)C(F)(F)C(F)(F)F,C4HF7O2,212.9792,1,168.98951 212.97924,168.98951 212.97924
O=S(=O)(O)C(F)(F)C(F)(F)C(F)(F)C(F)(F)F,C4HF9O3S,298.94299,1,79.96121 98.95792 298.94186,79.96121 98.95792 298.94186
NS(=O)(=O)C(F)(F)C(F)(F)C(F)(F)C(F)(F)C(F)(F)F,C5H2F11NO2S,347.95578,1,163.99196 126.90366 118.99197 77.96667 63.96536 59.01599,77.96667 126.90366 163.99196 118.99197 63.96536 59.01599
O=S(=O)(O)C(F)(F)C(F)(F)C(F)(F)C(F)(F)C(F)(F)F,C5HF11O3S,348.9398,1,348.94256 268.98564 118.99414 98.9584 79.96131 68.99977,79.96131 98.9584 348.94256 118.99414 68.99977 268.98564 
O=C(O)C(F)(F)C(F)(F)C(F)(F)C(F)(F)F,C5HF9O2,262.97601,1,262.97614 218.9863,218.9863 262.97614 
O=C(C(F)(F)F)C(F)(F)C(F)(F)C(F)(F)S(=O)(=O)O,C5HF9O4S,326.93791,1,212.97939 180.99012 146.99056 130.99429 98.95844,180.99012 146.99056 212.97939 98.95844 130.99429 
NS(=O)(=O)C(F)(F)C(F)(F)C(F)(F)C(F)(F)C(F)(F)C(F)(F)F,C6H2F13NO2S,397.95259,1,63.97872 69.00697 77.96728 118.9913 168.9881,77.96728 118.9913 168.9881 63.97872 69.00697 
O=S(=O)(O)CCC(F)(F)C(F)(F)C(F)(F)C(F)(F)F,C6H5F9O3S,326.97429,1,79.95993 116.99702 142.99195 154.99212 182.98751 192.98966 202.9907 266.95469 286.96142 306.96799,79.95993 306.96799 154.99212 192.98966 202.9907 286.96142 182.98751 116.99702 142.99195 266.95469 
O=S(=O)(O)C(F)(Cl)C(F)(F)C(F)(F)C(F)(F)C(F)(F)C(F)(F)F,C6HClF12O3S,414.9070512,1,79.96007 98.95775 114.9274 168.98797 414.90733,79.96007 98.95775 414.90733 114.9274 168.98797 
O=C(O)C(F)(F)C(F)(F)C(F)(F)C(F)(F)C(F)(F)F,C6HF11O2,312.97281,1,118.99368 268.98342,268.98342 118.99368 
O=C(C(F)(F)F)C(F)(F)C(F)(F)C(F)(F)C(F)(F)S(=O)(=O)O,C6HF11O4S,376.93471,1,79.96024 98.95571 130.99122 180.99213 230.98813 260.94639 376.93538,376.93538 79.96024 98.95571 130.99122 230.98813 180.99213 260.94639 
O=S(=O)(O)C(F)(F)C(F)(F)C(F)(F)C(F)(F)C(F)(F)C(F)(F)F,C6HF13O3S,398.93661,1,398.93909 129.95519 98.95783 79.96099,79.96099 398.93909 98.95783 129.95519 
O=S(=O)(O)C(F)(F)C(F)(F)C(F)(F)C(F)(F)C(F)(F)OC(F)(F)F,C6HF13O4S,414.93152,1,79.96 84.99247 98.9568 134.988 184.98528 414.93425,79.96  414.93425 84.99247 134.988 98.9568 184.98528
CN(CC(=O)O)S(=O)(=O)C(F)(F)C(F)(F)C(F)(F)C(F)(F)F,C7H6F9NO4S,369.98011,1,77.96875 297.95721,77.96875 297.95721
O=C(O)C(F)(F)C(F)(F)C(F)(F)C(F)(F)C(F)(F)C(F)(F)F,C7HF13O2,362.96962,1,118.99382 168.98953,118.99382 168.98953
O=C(C(F)(F)F)C(F)(F)C(F)(F)C(F)(F)C(F)(F)C(F)(F)S(=O)(=O)O,C7HF13O4S,426.93152,1,79.96082 98.95666 130.99207 280.98211 310.94344 360.93748 426.93334,426.93334 79.96082 98.95666 130.99207 280.98211 310.94344 360.93748 
O=S(=O)(O)C(F)(F)C(F)(F)C(F)(F)C(F)(F)C(F)(F)C(F)(F)C(F)(F)F,C7HF15O3S,448.93341,1,79.96073 98.95758 118.99363 129.95425 168.98962 218.9853 229.94711 368.97989 448.93642,448.93642 79.96073 98.95758 168.98962 118.99363 129.95425 229.94711 218.9853 368.97989 
NS(=O)(=O)C(F)(F)C(F)(F)C(F)(F)C(F)(F)C(F)(F)C(F)(F)C(F)(F)C(F)(F)F,C8H2F17NO2S,497.9462,1,497.947 168.9885 77.96794,77.96794 497.947 168.9885
O=C(O)CC(F)(F)C(F)(F)C(F)(F)C(F)(F)C(F)(F)C(F)(F)F,C8H3F13O2,376.98527,1,92.99558 142.99456 242.9871 292.98344,292.98344 242.9871 142.99456 92.99558 
O=S(=O)(O)CCC(F)(F)C(F)(F)C(F)(F)C(F)(F)C(F)(F)C(F)(F)F,C8H5F13O3S,426.96791,1,79.95924 80.96697 216.98818 254.98 282.97944 292.98251 386.95659 406.96234,80.96697 79.95924 406.96234 386.95659 292.98251 254.98 216.98818 282.97944 
CN(CC(=O)O)S(=O)(=O)C(F)(F)C(F)(F)C(F)(F)C(F)(F)C(F)(F)F,C8H6F11NO4S,419.97691,1,347.95754 77.96913,77.96913 347.95754 
O=S(=O)(O)C(F)(Cl)C(F)(F)C(F)(F)C(F)(F)C(F)(F)C(F)(F)C(F)(F)C(F)(F)F,C8HClF16O3S,514.90067,1,514.90347 279.94497 229.94701 129.95517 98.95762 79.96055,514.90347 79.96055 229.94701 129.95517 98.95762 279.94497 
O=C(O)C(F)(F)C(F)(F)C(F)(F)C(F)(F)C(F)(F)C(F)(F)C(F)(F)F,C8HF15O2,412.96643,1,218.98729 168.9895 118.99324,168.9895 118.99324 218.98729 
O=C(C(F)(F)F)C(F)(F)C(F)(F)C(F)(F)C(F)(F)C(F)(F)C(F)(F)S(=O)(=O)O,C8HF15O4S,476.92833,1,476.93319 410.93718 360.94156 330.98281 310.94618 260.94771 180.98946 98.95793 79.95924,476.93319 79.95924 310.94618 260.94771 98.95793 410.93718 360.94156 180.98946 330.98281 
O=S(O)C(F)(F)C(F)(F)C(F)(F)C(F)(F)C(F)(F)C(F)(F)C(F)(F)C(F)(F)F,C8HF17O2S,482.9353,1,268.9819 218.98585 168.98852 118.99347 82.96167,82.96167 168.98852 118.99347 218.98585 268.9819
O=S(=O)(O)C(F)(F)C(F)(F)C(F)(F)C(F)(F)C(F)(F)C(F)(F)C(F)(F)C(F)(F)F,C8HF17O3S,498.93022,1,498.93247 418.97459 218.98665 168.98975 118.99299 98.9584 79.96142,498.93247 79.96142 98.9584 168.98975 218.98665 118.99299 418.97459 
CN(CC(=O)O)S(=O)(=O)C(F)(F)C(F)(F)C(F)(F)C(F)(F)C(F)(F)C(F)(F)F,C9H6F13NO4S,469.97372,1,77.96708 377.95101 397.95438,77.96708 397.95438 377.95101 
O=C(O)C(F)(F)C(F)(F)C(F)(F)C(F)(F)C(F)(F)C(F)(F)C(F)(F)C(F)(F)F,C9HF17O2,462.96323,1,462.96499 418.97456 268.98299 218.98484 168.98883,418.97456 462.96499 218.98484 168.98883 268.98299 
O=C(C(F)(F)F)C(F)(F)C(F)(F)C(F)(F)C(F)(F)C(F)(F)C(F)(F)C(F)(F)S(=O)(=O)O,C9HF17O4S,526.92513,1,526.92767 460.94351 98.95741 79.96099,526.92767 79.96099 460.94351 98.95741 
O=S(=O)(O)C(F)(F)C(F)(F)C(F)(F)C(F)(F)C(F)(F)C(F)(F)C(F)(F)C(F)(F)C(F)(F)F,C9HF19O3S,548.92703,1,79.96107 98.9579 129.95523 179.95153 229.94909 279.94537 548.93284,548.93284 229.94909 79.96107 129.95523 279.94537 179.95153 98.9579 
O=S(=O)(O)C(F)(F)C(F)(F)C(F)(F)C(F)(F)C(F)(F)C(F)(F)C(F)(F)C(F)(F)OC(F)(F)F,C9HF19O4S,564.92194,1,564.92687 326.93897 229.94733 129.95487 98.95693 84.99325 79.95922,564.92687 79.95922 98.95693 326.93897 229.94733 129.95487 84.99325 
CN(C)CCCNS(=O)(=O)C(F)(F)C(F)(F)C(F)(F)C(F)(F)C(F)(F)C(F)(F)F,C11H13F13N2O2S,483.0417355,1,64.97264 118.99099 119.01 163.055239 168.99007 318.97805 483.04181,168.99007 118.99099 483.04181 119.01 318.97805 64.97264 163.055239 
O=S(=O)(O)C1(F)C(F)(F)C(F)(F)C(F)(F)C(F)(F)C1(F)F,C6HF11O3S,360.9397953,1,98.95577 380.97660,98.95577 380.97660
O=C(O)C(F)(F)C(F)OC(F)(F)C(F)(F)C(F)(F)OC(F)(F)F,C7H2F12O4,376.9688672,1,84.98926 250.97583,84.98926 250.97583
O=C(O)C(F)(F)C(F)(F)C(F)(F)C(F)(F)C(F)(F)C(F)(F)C(F)(F)C(F)(F)C(F)(F)C(F)(F)C(F)(F)F,C12HF23O2,612.9536483,1,118.99161 168.98853 218.98575 268.98334 318.98010 368.97522 568.96558,168.98853 218.98575 268.98334 118.99161 318.98010 368.97522 568.96558
O=C(O)C(F)(F)C(F)(F)C(F)(F)C(F)(F)C(F)(F)C(F)(F)C(F)(F)C(F)(F)C(F)(F)C(F)(F)C(F)(F)C(F)(F)F,C13HF25O2,662.9504548,1,118.99142 168.98848 218.98566 268.98322 318.97952 368.97720 418.97314 618.96094,168.98848 218.98566 118.99142 268.98322 318.97952 368.97720 418.97314 618.96094
O=C(O)C(F)(F)C(F)(F)C(F)(F)C(F)(F)C(F)(F)C(F)(F)C(F)(F)C(F)(F)C(F)(F)C(F)(F)C(F)(F)C(F)(F)C(F)(F)F,C14HF27O2,712.9472612,1,118.99145 168.98854 218.98593 268.98297 318.97971 368.97742 418.97287 468.96957 668.95886,168.98854 218.98593 118.99145 268.98297 318.97971 368.97742 418.97287 668.95886 468.96957 
O=C(O)C(F)(F)C(F)(F)C(F)(F)C(F)(F)C(F)(F)C(F)(F)C(F)(F)C(F)(F)C(F)(F)C(F)(F)C(F)(F)C(F)(F)C(F)(F)C(F)(F)C(F)(F)F,C16HF31O2,812.9408741,1,118.99129 168.98849 218.98570 268.98282 318.97971 368.97601 418.97543 468.97253 518.96753 768.95453,168.98849 218.98570 268.98282 118.99129 318.97971 368.97601 418.97543 468.97253 518.96753 768.95453
O=S(=O)(O)C(F)(F)C(F)(F)C(F)(F)C(F)(F)C(F)(F)C(F)(F)C(F)(F)C(F)(F)C(F)(F)C(F)(F)C(F)(F)C(F)(F)F,C12HF25O3S,698.9174404,1,79.95609 98.95461 698.91827,698.91827 79.95609 98.95461 
CNS(=O)(=O)C(F)(F)C(F)(F)C(F)(F)C(F)(F)C(F)(F)C(F)(F)C(F)(F)C(F)(F)F,C9H4F17NO2S,511.9618491,1,64.96890 82.95925 118.99131 168.98840 218.98552 268.98245 418.97122 511.96133,511.96133 168.98840 218.98552 64.96890 118.99131 82.95925 268.98245 418.97122 
CCNS(=O)(=O)C(F)(F)C(F)(F)C(F)(F)C(F)(F)C(F)(F)C(F)(F)C(F)(F)C(F)(F)F,C10H6F17NO2S,525.9774992,1,64.96893 82.95930 118.99106 168.98845 218.98553 268.98260 418.97275 525.97729,525.97729 168.98845 218.98553 64.96893 118.99106 82.95930 268.98260 418.97275 
O=C(O)C(F)(OC(F)(F)C(F)(F)C(F)(F)F)C(F)(F)F,C6HF11O3,328.9677243,1,118.99257 168.98940 184.98434 284.97800,184.98434 168.98940 118.99257 284.97800
O=C(O)CCC(F)(F)C(F)(F)C(F)(F)C(F)(F)C(F)(F)C(F)(F)C(F)(F)F,C10H5F15O2,440.9977227,1,336.98921 316.98298,336.98921 316.98298
O=C(O)CCC(F)(F)C(F)(F)C(F)(F)C(F)(F)C(F)(F)F,C8H5F11O2,341.0041098,1,235.98777 216.98937,235.98777 216.98937
O=P(O)(C(F)(F)C(F)(F)C(F)(F)C(F)(F)C(F)(F)C(F)(F)C(F)(F)C(F)(F)F)C(F)(F)C(F)(F)C(F)(F)C(F)(F)C(F)(F)C(F)(F)C(F)(F)C(F)(F)F,C16HF34O2P,900.9098454,1,500.93540 100.96095,500.93540 100.96095
O=P(O)(C(F)(F)C(F)(F)C(F)(F)C(F)(F)C(F)(F)C(F)(F)F)C(F)(F)C(F)(F)C(F)(F)C(F)(F)C(F)(F)C(F)(F)F,C12HF26O2P,700.9226196,1,400.94178 100.96095,400.94178 100.96095
O=P(O)(O)OCCC(F)(F)C(F)(F)C(F)(F)C(F)(F)C(F)(F)C(F)(F)F,C8H6F13O4P,442.97234,1,96.96962 78.95905,96.96962 78.95905
O=P(O)(O)OCCC(F)(F)C(F)(F)C(F)(F)C(F)(F)C(F)(F)C(F)(F)C(F)(F)C(F)(F)F,C10H6F17O4P,542.965945,1,96.96962 78.95905,96.96962 78.95905
O=C(O)C(F)=C(F)C(F)(F)C(F)(F)C(F)(F)C(F)(F)C(F)(F)F,C8HF13O2,374.96962,1,118.99245 130.99266 168.98936 180.98949  280.98338 330.98058,118.99245 330.98058 180.98949 130.99266 280.98338 168.98936 
O=C(O)C(F)C(F)(F)C(F)(F)C(F)(F)C(F)(F)C(F)(F)C(F)(F)F,C8H2F14O2,394.97585,1,118.99245 130.99266 180.98949  330.98058,330.98058 118.99245 180.98949 130.99266 
O=C(CCC(F)(F)C(F)(F)C(F)(F)C(F)(F)C(F)(F)F)SCC(O)C(=O)O,C11H9F11O4S,444.99732,2b,120.9968 356.9802 384.9777 424.9905,120.9968 356.9802 424.9905 384.9777 
O=C(CO)SC(=O)CCC(F)(F)C(F)(F)C(F)(F)C(F)(F)C(F)(F)F,C10H7F11O3S,414.98675,2b,90.9862 294.9632 324.9561 334.9603 344.9622 354.9665 374.9727 394.9788,394.9788 334.9603 344.9622 90.9862 354.9665 374.9727 294.9632 324.9561 
O=S(=O)(O)OCCC(F)(F)C(F)(F)C(F)(F)C(F)(F)C(F)(F)C(F)(F)F,C8H5F13O4S,442.96282,2b,96.9603 326.9 362.9360 402.9481,96.9603 326.9 362.9360 402.9481
O=C(O)C(F)(OC(F)(F)C(F)(OC(F)(F)C(F)(F)C(F)(F)F)C(F)(F)F)C(F)(F)F,C9HF17O4,494.95306,1,118.9924 184.98444 350.9697,184.98444 118.9924 350.9697
O=C(O)C(F)(OC(F)(F)C(F)(OC(F)(F)C(F)(OC(F)(F)C(F)(F)C(F)(F)F)C(F)(F)F)C(F)(F)F)C(F)(F)F,C12HF23O5,660.9384,1,118.99256 184.98449 350.97067,184.98449 350.97067 118.99256 
O=C(O)C(F)(F)CC(F)(F)CC(F)(F)CC(F)(F)CC(F)F,C10H10F10O2,351.04484,3,167.01145 187.01781 207.02414 211.00171 227.03055 231.00807 247.03673 251.01404 267.04308 271.02024 291.02706 311.03317 331.03912,207.02414 187.01781 227.03055 167.01145 247.03673 271.02024 251.01404 331.03912 267.04308 311.03317 291.02706 231.00807 211.00171 
O=C(O)C(F)(F)C(F)(F)C(F)(F)C(F)(F)C(F)(F)OC(F)(F)C(F)(F)F,C8HF15O3,428.96134,3,118.99227 134.98744 168.98941 184.98432 234.98153 284.97854,184.98432 234.98153 284.97854 118.99227 168.98941 134.98744 
O=C(O)C(F)(F)OC(F)(F)OC(F)(F)F,C4HF7O4,244.96903,3,84.99040 134.98722 150.98264 200.97904,84.99040 200.97904 134.98722 150.98264 
O=C(O)C(F)OC(F)(F)C(F)(F)C(F)(F)F,C5H2F8O3,260.98034,2b,118.9924 184.98444,184.98444 118.9924
O=S(=O)(O)C(F)(F)C(F)OC(F)(F)C(F)(F)C(F)(F)F,C5H2F10O4S,346.94414,2b,98.95576808 184.98444,184.98444 98.95576808
O=C(O)CSC(F)(F)C(F)OC(F)(F)C(F)(F)C(F)(F)F,C7H4F10O3S,356.96487,2b,118.9924 184.98444,184.98444 118.9924
CC(C)(CS(=O)(=O)O)NC(=O)CCS(=O)CCC(F)(F)C(F)(F)C(F)(F)C(F)(F)C(F)(F)C(F)(F)F,C15H18F13NO5S2,602.03461,2b,135.01134 152.03757 206.04925 256.03271,256.03271 206.04925 152.03757 135.01134 
CC(C)(CS(=O)(=O)O)NC(=O)CCS(=O)(=O)CCC(F)(F)C(F)(F)C(F)(F)C(F)(F)C(F)(F)C(F)(F)F,C15H18F13NO6S2,618.02952,2b,135.01134 152.03757 206.04925,206.04925 152.03757 135.01134 
O=S(=O)(O)C1(F)C(F)(F)C(F)(F)C(F)(C(F)(F)C(F)(F)C(F)(F)F)C1(F)F,C8HF15O3S,460.93341,1,98.95551 168.98918 180.98917 230.98627 310.98129,98.95551 168.98918 180.98917 310.98129 230.98627 
O=S(=O)(O)C1(F)C(F)(F)C(F)(F)C(F)(C(F)(F)C(F)(F)F)C(F)(F)C1(F)F,C8HF15O3S,460.93341,1,98.95547 118.99232 380.97665,98.95547 380.97665 118.99232 
CC(C)(CS(=O)(=O)O)NC(=O)CCS(=O)(=O)CCC(F)(F)C(F)(F)C(F)(F)C(F)(F)C(F)(F)C(F)(F)C(F)(F)C(F)(F)C(F)(F)C(F)(F)F,C19H18F21NO6S2,802.02183,2b,79.95630 152.03757 206.04925 256.03271,256.03271 206.04925 152.03757 79.95630 
CC(C)(CS(=O)(=O)O)NC(=O)CCSCCC(F)(F)C(F)(F)C(F)(F)C(F)(F)C(F)(F)C(F)(F)F,C15H18F13NO4S2,586.03969,2a,79.95603 104.01629 135.01134 152.03806 206.04910,206.04910 135.01134 152.03806 79.95603 104.01629 
CC(C)(CS(=O)(=O)O)NC(=O)CCS(=O)CCC(F)(F)C(F)(F)C(F)(F)C(F)(F)C(F)(F)C(F)(F)C(F)(F)C(F)(F)F,C17H18F17NO5S2,702.02822,2a,79.95727 152.03796 206.04891 256.03227,256.03271 206.04925 152.03757 79.95630 
CC(C)(CS(=O)(=O)O)NC(=O)CCSCCC(F)(F)C(F)(F)C(F)(F)C(F)(F)C(F)(F)C(F)(F)F,C15H18F13NO4S2,586.03969,2a,104.0166 135.0104 152.0337 206.0480,135.0104 152.0337 206.0480 104.0166 
CC(C)(CS(=O)(=O)O)NC(=O)CCS(=O)CCC(F)(F)C(F)(F)C(F)(F)C(F)(F)C(F)(F)C(F)(F)F,C15H18F13NO5S2,602.03461,2b,152.0396 206.0495 256.0324,256.0324 206.0495 152.0396 
CC(C)(CS(=O)(=O)O)NC(=O)CCS(=O)(=O)CCC(F)(F)C(F)(F)C(F)(F)C(F)(F)C(F)(F)C(F)(F)F,C15H18F13NO6S2,618.02952,2b,135.01134 152.03757 206.04925 270.9997,206.04925 270.9997 152.03757 135.01134 
O=C(O)CCS(=O)CCC(F)(F)C(F)(F)C(F)(F)C(F)(F)C(F)(F)C(F)(F)F,C11H9F13O3S,466.99921,2b,120.9961 334.9604 354.9648,120.9961 354.9648 334.9604 
O=S(=O)(O)C(F)(F)C(F)(F)C(F)(F)C(F)=C(F)C(F)(F)C(F)(F)C(F)(F)F,C8HF15O3S,460.93341,2b,118.9922 168.9892 180.9892 230.9852 280.9807 380.9751,168.9892 118.9922 380.9751 180.9892 230.9852 280.9807 
CN(C)CCCNS(=O)(=O)C(F)(F)C(F)(F)C(F)(F)C(F)(F)C(F)(F)C(F)(F)F,C11H13F13N2O2S,483.04174,2b,118.9927 168.9891 318.9782,168.9891 318.9782 118.9927
O=C(O)CNCC(O)CSCCC(F)(F)C(F)(F)C(F)(F)C(F)(F)C(F)(F)C(F)(F)F,C13H14F13NO3S,510.04141,2b,104.0175 349.9885 378.9808 420.0265,104.0175 349.9885 378.9808 420.0265
NC(CC(=O)O)CC(O)NC(=O)CCSCCC(F)(F)C(F)(F)C(F)(F)C(F)(F)C(F)(F)C(F)(F)F,C16H19F13N2O4S,581.07852,2b,141.0674 158.0283 175.0546 378.9826 401.0185 441.0306,175.0546 401.0185 141.0674 158.0283 441.0306 378.9826 
CC(C)(CS(=O)(=O)O)NC(=O)CCSCCC(F)(F)C(F)(F)C(F)(F)C(F)(F)C(F)(F)C(F)(F)F,C15H18F13NO4S2,586.03969,2b,79.9568 135.0117 152.0388 206.0475,79.9568 135.0117 206.0475 152.0388 
O=C(O)CCC(F)(F)C(F)(F)C(F)(F)C(F)(F)C(F)(F)C(F)(F)F,C9H5F13O2,391.00092,2b,62.9885 216.9885 266.9859 286.9921,266.9859 286.9921 216.9885 62.9885 
O=C(O)CCC(F)(F)C(F)(F)C(F)(F)C(F)(F)C(F)(F)C(F)(F)C(F)(F)C(F)(F)F,C11H5F17O2,490.99453,2b,62.9887 266.9860 316.9825 336.9890,316.9825 266.9860 336.9890 62.9887 
O=C(O)CCC(F)(F)C(F)(F)C(F)(F)C(F)(F)C(F)(F)C(F)(F)C(F)(F)C(F)(F)C(F)(F)F,C12H5F19O2,540.99134,2b,62.9886 347.9812 366.9797 416.9761,416.9761 366.9797 62.9886 347.9812 
O=C(O)CCNC(=O)C(F)(F)C(F)(F)C(F)(F)C(F)(F)C(F)(F)C(F)(F)C(F)(F)F,C11H6F15NO3,484.00354,2b,114.01967 168.98883,114.01967 168.98883
O=C(O)CCNS(=O)(=O)C(F)(F)C(F)(F)C(F)(F)C(F)(F)C(F)(F)C(F)(F)C(F)(F)C(F)(F)F,C11H6F17NO4S,569.96733,2b,77.96552 82.96085 218.98618 497.94620,77.96552 497.94620 82.96085 218.98618 
O=S(O)C(F)(F)C(F)(F)C(F)(F)C(F)(F)C(F)(F)C(F)(F)C(F)(F)C(F)(F)F,C8HF17O2S,482.9353,2b,82.96085 118.99202 168.98937 218.98618,82.96085 168.98937 118.99202 218.98618
O=S(=O)(O)C(F)C(F)(F)C(F)(F)C(F)(F)C(F)=C(F)C(F)(F)C(F)(F)F,C8H2F14O3S,442.94283,3,242.9863 292.9829 342.9798 422.9365,422.9365 292.9829 342.9798 242.9863 
O=C(O)C(F)(OC(F)(F)F)C(F)(F)F,C4HF7O3,228.97412,1,68.9957 84.9866 112.9840 184.9811,68.9957 112.9840 84.9866 184.9811
O=C(O)C(F)(F)C(F)(F)OC(F)(F)F,C4HF7O3,228.97412,1,84.9900 184.9811,84.9900 184.9811
O=C(O)C(F)(OC(F)(F)C(F)(F)F)C(F)(F)F,C5HF9O3,278.97092,2b,68.9957 84.9866 118.9909 134.9858 234.9764,84.9866 134.9858 68.9957 118.9909 234.9764
O=C(O)C(F)(OC(F)(F)C(F)(F)C(F)(F)F)C(F)(F)F,C6HF11O3,328.96773,1,118.9931 134.9839 168.9891 184.9810 284.9727,168.9891 184.9810 118.9931 284.9727 134.9839 
O=S(=O)(O)C(F)(F)C(F)(F)OC(F)(F)C(F)(F)F,C4HF9O4S,314.93791,2b,68.9929 134.9874,134.9874 68.9929 
O=S(=O)(O)C(F)(F)C(F)(F)OC(F)(C(F)(F)F)C(F)(F)OC(F)=C(F)F,C7HF13O5S,442.92644,1,68.9929 79.9568 96.9921 130.9884 146.9854 196.9812 262.9830 345.9289,146.9854 68.9929 96.9921 79.9568 130.9884 262.9830 345.9289 196.9812 
O=C(O)C(F)(F)S(=O)(=O)O,C2H2F2O5S,174.95183,1,79.9557 80.9640 130.9629 174.9468,80.9640 79.9557 130.9629 174.9468
O=C(O)C(F)(OC(F)(F)C(F)(OC(F)(F)C(F)(F)S(=O)(=O)O)C(F)(F)F)C(F)(F)F,C8H2F14O7S,506.92249,2b,68.9929 134.9879 162.9828 184.9811 212.9756 262.9732 342.9372 462.9518,134.9879 184.9811 68.9929 262.9732 212.9756 162.9828 342.9372 462.9518
O=S(=O)(O)C(F)(F)C(F)OC(F)(F)C(F)(OC(F)(F)C(F)(F)S(=O)(=O)O)C(F)(F)F,C7H3F13O8S2,524.8989,2b,134.9894 174.9759 224.9831 342.9390 424.9290,134.9894 424.9290 342.9390 224.9831 174.9759 
O=S(=O)(O)C(F)(F)C(F)OC(F)(F)C(F)(F)F,C4H2F8O4S,296.94733,1,68.9953 79.9575 98.9555 134.9891,79.9575 68.9953 98.9555 134.9891
O=S(=O)(O)C(F)(F)C(F)OC(F)(F)C(F)(F)C(F)(F)F,C5H2F10O4S,346.94414,2b,118.9892 184.9869,184.9869 118.9892 
O=C(O)C(F)OC(F)(F)C(F)(F)C(F)(F)F,C5H2F8O3,260.98034,2b,118.9880 184.9819,118.9880 184.9819
O=S(=O)(O)C(F)(F)C(F)(F)OC(F)(C(F)(F)F)C(F)(F)OC(F)C(F)(F)F,C7H2F14O5S,462.93266,1,68.9953 134.9867 184.9842 212.9780 262.9768 282.9895,68.9953 184.9842 262.9768 212.9780 134.9867 282.9895
O=C(O)C(F)(F)C(F)(F)OC(F)(C(F)(F)F)C(F)(F)OC(F)C(F)(F)F,C8H2F14O4,426.96568,1,68.9953 96.9926 134.9852 184.9824 212.9747 282.9804,68.9953 184.9824 134.9852 212.9747 96.9926 282.9804
O=C(O)C(F)(F)C(F)(F)OC(F)(F)OC(F)(F)F,C5HF9O4,294.96584,3,84.9909 134.9854,84.9909 134.9854
O=S(=O)(O)C(F)(F)C(F)(F)OC(F)(F)C(F)(F)C(F)(F)F,C5HF11O4S,364.93471,3,98.9492 134.9893 184.9829,184.9829 134.9893 98.9492 
O=S(=O)(O)C(F)(F)C(F)(F)C(F)(F)OC(F)(C(F)(F)F)C(F)(F)OC(F)=C(F)F,C8HF15O5S,492.92324,3,96.99 146.9868 184.9829 276.9298 345.9245 442.9257,442.9257 96.99 146.9868 184.9829 345.9245 276.9298 
O=C(O)C(F)OC(F)(F)C(F)(F)OC(F)(F)OC(F)(F)F,C6H2F10O5,342.96698,3,84.9902 118.9898 178.9817,84.9902 118.9898 178.9817
O=S(=O)(O)C(F)(F)C(F)OC(F)(F)C(F)(F)OC(F)(F)C(F)(F)F,C6H2F12O5S,412.93586,3,134.9877 162.9813 212.9744,134.9877 212.9744 162.9813
O=S(=O)(NS(=O)(=O)C(F)(F)C(F)(F)C(F)(F)F)C(F)(F)C(F)(F)C(F)(F)F,C6HF14NO4S2,479.90507,3,77.965 82.961 246.953,77.965 246.953 82.961 
O=S(=O)(NS(=O)(=O)C(F)(F)C(F)(F)C(F)(F)C(F)(F)F)C(F)(F)C(F)(F)F,C6HF14NO4S2,479.90507,3,77.965 82.961 196.958 296.956,77.965 82.961 196.958 296.956
O=S(=O)(NS(=O)(=O)C(F)(F)C(F)(F)C(F)(F)C(F)(F)F)C(F)(F)C(F)(F)C(F)(F)F,C7HF16NO4S2,529.90188,3,77.966 82.961 246.955 296.953,77.966 246.955 296.953 82.961 
O=S(=O)(NS(=O)(=O)C(F)(F)C(F)(F)C(F)(F)C(F)(F)F)C(F)(F)C(F)(F)C(F)(F)C(F)(F)F,C8HF18NO4S2,579.89868,3,77.965 82.961 296.952,77.965 296.952 82.961 
O=S(=O)(NS(=O)(=O)C(F)(F)C(F)(F)C(F)(F)C(F)(F)C(F)(F)F)C(F)(F)C(F)(F)C(F)(F)F,C8HF18NO4S2,579.89868,3,77.966 82.961 246.954 346.950,77.966 82.961 246.954 346.950
O=S(=O)(NS(=O)(=O)C(F)(F)C(F)(F)C(F)(F)C(F)(F)C(F)(F)C(F)(F)F)C(F)(F)C(F)(F)C(F)(F)F,C9HF20NO4S2,629.89549,3,77.966 82.961 246.954 396.944,77.966 82.961 246.954 396.944
O=S(=O)(NS(=O)(=O)C(F)(F)C(F)(F)C(F)(F)C(F)(F)C(F)(F)F)C(F)(F)C(F)(F)C(F)(F)C(F)(F)F,C9HF20NO4S2,629.89549,3,77.965 82.961 296.951 346.948,77.965 82.961 296.951 346.948
O=C(O)C(F)=C(F)C(F)(C(F)(F)F)C(F)(F)F,C6HF9O2,274.97601,1,230.9859 180.9892 68.9942,230.9859 68.9942 180.9892 
O=C(O)C=CC(F)(C(F)(F)F)C(F)(F)F,C6H3F7O2,238.99485,1,218.9879 198.9815 174.9977 168.9883 154.9913 132.9895,168.9883 174.9977 154.9913 218.9879 198.9815 132.9895
O=C(O)CCC(F)(C(F)(F)F)C(F)(F)F,C6H5F7O2,241.0105,1,221.0059 200.9978 180.9911 177.0137,177.0137 180.9911 200.9978 221.0059 
O=C(O)C(F)C(F)C(F)(C(F)(F)F)C(F)(F)F,C6H3F9O2,276.99166,2b,192.9886 212.9949,192.9886 212.9949
O=C(O)C=CC(C(F)(F)F)C(F)(F)F,C6H4F6O2,221.00427,2b,108.9893 132.9895 180.9910 200.9974,180.9910 200.9974 132.9895 108.9893 
O=C(O)CC(F)C(F)(C(F)(F)F)C(F)(F)F,C6H4F8O2,259.00108,2b,154.9915 168.9985 174.9980 195.0043 238.9951,195.0043 154.9915 174.9980 168.9985 238.9951
O=S(O)C(F)(F)C(F)(F)C(F)(F)C(F)(F)F,C4HF9O2S,282.94808,3,68.99531 82.96031 130.99194 168.98895 180.98868,130.99194 180.98868 68.99531 82.96031 168.98895 
O=S(=O)(O)C(F)(F)C(F)(F)C(F)(F)C(F)F,C4H2F8O3S,280.95242,2,79.95683 98.95519 130.99187 180.98860 260.9455,79.95683 130.99187 98.95519 180.98860 260.9455
O=S(=O)(O)C(F)(F)C(F)(F)C(F)(F)C(F)(F)C(F)(F)C(F)F,C6H2F12O3S,380.94603,2,79.95681 98.95517 129.95343 179.95015 180.98843 230.98531 280.98198 360.93892,79.95681 98.95517 129.95343 230.98531 280.98198 180.98843 179.95015 360.93892
O=C(C(F)(F)F)C(F)(F)C(F)(F)S(=O)(=O)O,C4HF7O4S,276.9411,2,68.9952 79.95676 96.99001 98.95511 130.99178 146.98666 160.95174 196.98335 226.94328,146.98666 96.99001 98.95511 130.99178 68.9952 160.95174 79.95676 196.98335 226.94328
O=C(C(F)(F)F)C(F)(F)C(F)(F)C(F)(F)C(F)(F)C(F)(F)C(F)(F)S(=O)(=O)O,C8HF15O4S,476.92833,2,79.95676 82.96030 96.99024 98.95514 129.95343 146.98666 160.95174 180.98845 196.98337 218.98523 230.98532 246.98027 260.94568 279.94366 296.97711 330.97867 360.93863 410.93542,79.95676 129.95343 98.95514 230.98532 180.98845 279.94366 82.96030 410.93542 218.98523 196.98337 330.97867 146.98666 96.99024 246.98027 260.94568 296.97711 360.93863 160.95174
O=S(=O)(O)C(F)(F)C(F)(F)OC(F)(F)C(F)(F)C(F)(F)C(F)(F)Cl,C6HClF12O4S,430.90197,2,82.95903 250.95140,250.95140 82.95903 
O=S(=O)(O)C(F)(F)C(F)(F)OC(F)(F)C(F)(F)C(F)(F)C(F)(F)C(F)(F)C(F)(F)Cl,C8HClF16O4S,530.89558,1,82.95958 98.95454 350.94599,350.94599 82.95958 98.95454 
O=S(=O)(O)C(F)(F)C(F)(F)OC(F)(F)C(F)(F)C(F)(F)C(F)(F)C(F)(F)C(F)(F)C(F)(F)C(F)(F)Cl,C10HClF20O4S,630.8892,1,82.95958 98.95463 450.94005,450.94005 82.95958 98.95463 
O=S(=O)(O)C(F)(F)C(F)(F)OC(F)(F)C(F)(F)C(F)(F)C(F)(F)C(F)(F)C(F)(F)C(F)(F)C(F)(F)C(F)(F)C(F)(F)Cl,C12HClF24O4S,730.88281,2,82.95948 98.95486 550.93176,550.93176 82.95948 98.95486 
O=S(=O)(O)C(F)(F)C(F)(F)OC(F)(F)C(F)(F)C(F)(F)C(F)F,C6H2F12O4S,396.94094,2,82.95947 216.99031,216.99031 82.95947 
O=S(=O)(O)C(F)(F)C(F)(F)OC(F)(F)C(F)(F)C(F)(F)C(F)(F)C(F)(F)C(F)F,C8H2F16O4S,496.93456,2,82.95908 98.95462 296.97682 316.98433,316.98433 82.95908 296.97682 98.95462 
O=S(=O)(O)C(F)(F)C(F)(F)OC(F)(F)C(F)(F)C(F)(F)C(F)(F)C(F)(F)C(F)(F)C(F)(F)C(F)F,C10H2F20O4S,596.92817,2,82.95957 98.95467 416.97787,416.97787 82.95957 98.95467 
NS(=O)(=O)C(F)(F)C(F)(F)C(F)(F)C(F)(F)F,C4H2F9NO2S,297.95898,1,77.96358 118.99059 218.98463 277.95129,77.96358 118.99059 218.98463 277.95129
NS(=O)(=O)CCC(F)(F)C(F)(F)C(F)(F)C(F)(F)C(F)(F)C(F)(F)F,C8H6F13NO2S,425.98389,2,79.97989 345.95947 365.96536 385.97070 405.98022,79.97989 345.95947 365.96536 385.97070 405.98022
O=S(=O)(O)C(F)(F)C(F)(F)C(F)(F)C(F)(F)C(F)=C(F)C(F)(F)C(F)(F)F,C8HF15O3S,460.93341,2,68.9956 79.9570 98.9553 118.9921 129.9539 130.9917 180.9897 229.9467 230.9854 280.9828 380.9787,79.9570 98.9553 118.9921 68.9956 230.9854 129.9539 380.9787 180.9897 280.9828 130.9917 229.9467
O=C(O)CCC(F)(F)C(F)(F)C(F)(F)C(F)(F)C(F)(F)F,C8H5F11O2,341.00411,1,166.9914 216.9886 236.9949,216.9886 236.9949 166.9914 
O=C(O)CCC(F)(F)C(F)(F)C(F)(F)C(F)(F)C(F)(F)C(F)(F)F,C9H5F13O2,391.00092,2,216.9884 266.9857 286.9928,266.9857 286.9928 216.9884 
O=C(O)CCC(F)(F)C(F)(F)C(F)(F)C(F)(F)C(F)(F)C(F)(F)C(F)(F)F,C10H5F15O2,440.99773,2,266.9860 316.9827 336.9892,316.9827 266.9860 336.9892
O=C(O)CCC(F)(F)C(F)(F)C(F)(F)C(F)(F)C(F)(F)C(F)(F)C(F)(F)C(F)(F)F,C11H5F17O2,490.99453,2,316.9833 366.9794 386.9861,366.9794 386.9861 316.9833 
O=C(O)CCC(F)(F)C(F)(F)C(F)(F)C(F)(F)C(F)(F)C(F)(F)C(F)(F)C(F)(F)C(F)(F)F,C12H5F19O2,540.99134,2,366.9792 416.9763 436.9826,416.9763 436.9826 366.9792 
O=C(O)CCC(F)(F)C(F)(F)C(F)(F)C(F)(F)C(F)(F)C(F)(F)C(F)(F)C(F)(F)C(F)(F)C(F)(F)F,C13H5F21O2,590.98815,2,416.9758 466.9734 486.9781,466.9734 486.9781 416.9758 
O=C(O)CCC(F)(F)C(F)(F)C(F)(F)C(F)(F)C(F)(F)C(F)(F)C(F)(F)C(F)(F)C(F)(F)C(F)(F)C(F)(F)F,C14H5F23O2,640.98495,2,466.9725 516.9696 536.9752,516.9696 536.9752 466.9725 
O=C(O)C(F)(OC(F)(F)C(F)(F)C(F)(F)F)C(F)(F)F,C6HF11O3,328.96773,1,118.99 168.99 184.98,118.99 184.98 168.99 
O=C(O)CC(F)(F)C(F)(F)C(F)(F)C(F)(F)C(F)(F)C(F)(F)F,C8H3F13O2,376.98527,1,142.99 242.99 292.99,292.99 242.99 142.99 
O=C(O)C=C(F)C(F)(F)C(F)(F)C(F)(F)C(F)(F)C(F)(F)C(F)(F)F,C9H2F14O2,406.97585,1,68.99 242.99 292.99 342.98,342.98 68.99 292.99 242.99 
O=C(O)CCC(F)(F)C(F)(F)C(F)(F)C(F)(F)C(F)(F)F,C8H5F11O2,341.00411,1,216.9886 236.9949,216.9886 236.9949
O=C(O)C(F)C(F)(F)C(F)(F)C(F)(F)C(F)(F)F,C6H2F10O2,294.98224,2,68.99 118.99 180.99 230.99,68.99 230.99 180.99 118.99 
O=C(O)C(F)(F)C(F)(F)C(F)(F)C(F)(F)C(F)=C(F)C(F)(F)C(F)(F)F,C9HF15O2,424.96643,2,68.99 118.99 130.99 180.99 230.99,68.99 180.99 118.99 130.99 230.99
OC(F)(F)C(F)(F)C(F)(F)F,C3HF7O,184.98429,2,68.99 118.99,118.99 68.99 
OC(F)(F)C(F)=C(F)C(F)(F)C(F)(F)F,C5HF9O,246.98109,2,68.99 118.99 130.99 180.99,130.99 68.99 118.99 180.99
OC(F)(F)C(F)(F)C(F)(F)OC(F)(F)C(F)(F)F,C5HF11O2,300.97281,2,68.99 134.99 184.98,134.99 68.99 184.98
OC(F)(F)C(F)(F)C(F)(F)C(F)(F)OC(F)(F)C(F)(F)OC(F)(F)F,C7HF15O3,416.96134,3,68.99 84.99 134.99 184.98,84.99 68.99 134.99 184.98
